Judul Buku,Harga Normal,Harga Diskon,Stock
Wasiat Parenting,70000,49000,50
Tadabbur surah Al – Fatihah,70000,49000,50
Tadabbur Kisah Unta,38000,26600,50
Tadabbur Dialog Dalam Al Quran,90000,63000,50
Syeikh Ahmad Yasin,90000,63000,50
Smart Islamic Parenting,100000,70000,50
Rumahku Sekolahku,57000,39900,50
Nikmatnya Abasa,85000,59500,50
Mudah Tadabbur Juz Amma,90000,63000,50
Merasakan Kekuatan Al-Quran,90000,63000,50
Jejak perjuangan Ismail Haniya,90000,63000,50
Jejak Pendidikan Kuttab,70000,49000,50
Faatihatul Ulum dual bahasa,90000,63000,50
Dialog Iman Bersama Ananda,60000,42000,50
Bundling Trilogi Palestina,250000,175000,50
Bundling serial parenting (3 buku),200000,140000,50
Bundling serial menghafal (2 buku),100000,70000,50
Bundling Allah menciptakan siang dan malam,82000,57400,50
Bundling 3 buku Tadabur kisah,120000,84000,50
Belajar dari wanita palestina,90000,63000,50
Andapun bisa hafal A-Quran,60000,42000,50
40 Hadits Keutamaan Olahraga,60000,42000,50
Sirah Nabawiyah Untuk Pemuda,90000,65000,50
Syarah Muqoddimah Jazariyah,80000,60000,50
Iman Sebelum Al Quran,70000,52500,50
Bundling sifat baik buruk,90000,67500,50
Tadabbur Kisah Nabi Yunus,60000,48000,50
Nilai - nilai kenabian dalam urjuzah,60000,48000,50
Menikmati Shalat,90000,72000,50
Living Ramadhan,65000,52000,50
Kreativitas wakaf,95000,76000,50
Allah Menciptakan Siang,60000,48000,50
Falsafah pendidikan,100000,85000,50
Bundling 2 buku Tadabur kisah,60800,51680,50
Badai Al-Aqsha,140000,125000,50
Untukmu Anakku Cetakan Baru,45000,40500,50
Manajemen Waktu dan Menghafal Al-Quran,50000,45000,50
Fami bi sayuqin,100000,90000,50
Beginilah Menjadi Seorang Ibu,57000,51300,50
Allah Menciptakan Malam,40000,36000,50
Aku tinggalkan sifat buruk,50000,45000,50
Aku Bahagia Berbuat Baik,45000,40500,50
Tadabbur Kisah Hud Hud,38000,36100,50
Kitabati,53000,50350,50
Agar Cinta Kian Bersemi,40000,38000,50
40 Hadist Pengagungan Terhadap Al-Quran,30000,28500,50
Sentuhan Parenting,99000,99000,50
Safinatunnajah,25000,25000,50
Remaja Antara Hijaz dan Amerika,79000,79000,50
Poster,10000,10000,50
Mudah Berbahasa Arab,95000,95000,50
Ketika Hidup Selalu Terasa Sial,120000,120000,50
Kemanakah Kulabuhkan Hati Ini,60000,60000,50
Inspirasi Rumah Cahaya,82000,82000,50
Catatan Iman,90000,90000,50
Catatan Hati Ibu,60000,60000,50
Cara Langsung Bertutur Kisah,75000,75000,50
